[
  {
    "Id": 1,
    "Description": "Sed ut perspiciatis unde omnis iste natus error sit voluptatem accusantium doloremque laudantium, totam rem aperiam, eaque ipsa quae ab illo inventore veritatis et quasi architecto beatae vitae dicta ",
    "Title": "Prof.",
    "Start_date": "1811-12-11T00:00:00",
    "End_date": "1939-02-20T00:00:00",
    "Created_by": {
      "Id": 73,
      "First_name": "Douglas",
      "Last_name": null,
      "Phone_number": 0,
      "Title": null
    },
    "Assign_to": {
      "Id": 1,
      "First_name": "Lillian",
      "Last_name": null,
      "Phone_number": 0,
      "Title": null
    }
  },
  {
    "Id": 2,
    "Description": "Neque porro quisquam est, qui dolorem ipsum quia dolor sit amet, consectetur, adipisci velit, sed quia non numquam eius modi tempora incidunt ut labore et dolore magnam aliquam quaerat voluptatem.",
    "Title": "Mr",
    "Start_date": "1789-10-21T00:00:00",
    "End_date": "1900-08-17T00:00:00",
    "Created_by": {
      "Id": 43,
      "First_name": "Charlie",
      "Last_name": null,
      "Phone_number": 0,
      "Title": null
    },
    "Assign_to": {
      "Id": 43,
      "First_name": "Charlie",
      "Last_name": null,
      "Phone_number": 0,
      "Title": null
    }
  },
  {
    "Id": 3,
    "Description": "Quis autem vel eum iure reprehenderit qui in ea voluptate velit esse quam nihil molestiae consequatur, vel illum qui dolorem eum fugiat quo voluptas nulla pariatur?",
    "Title": "Prof.",
    "Start_date": "1980-02-05T00:00:00",
    "End_date": "1887-01-17T00:00:00",
    "Created_by": {
      "Id": 90,
      "First_name": "Isabelle",
      "Last_name": null,
      "Phone_number": 0,
      "Title": null
    },
    "Assign_to": {
      "Id": 90,
      "First_name": "Isabelle",
      "Last_name": null,
      "Phone_number": 0,
      "Title": null
    }
  },
  {
    "Id": 4,
    "Description": "Neque porro quisquam est, qui dolorem ipsum quia dolor sit amet, consectetur, adipisci velit, sed quia non numquam eius modi tempora incidunt ut labore et dolore magnam aliquam quaerat voluptatem.",
    "Title": "Mr",
    "Start_date": "1825-12-27T00:00:00",
    "End_date": "1815-10-20T00:00:00",
    "Created_by": {
      "Id": 78,
      "First_name": "Ramon",
      "Last_name": null,
      "Phone_number": 0,
      "Title": null
    },
    "Assign_to": {
      "Id": 78,
      "First_name": "Ramon",
      "Last_name": null,
      "Phone_number": 0,
      "Title": null
    }
  },
  {
    "Id": 5,
    "Description": "Neque porro quisquam est, qui dolorem ipsum quia dolor sit amet, consectetur, adipisci velit, sed quia non numquam eius modi tempora incidunt ut labore et dolore magnam aliquam quaerat voluptatem.",
    "Title": "Miss",
    "Start_date": "1906-12-14T00:00:00",
    "End_date": "1985-08-24T00:00:00",
    "Created_by": {
      "Id": 18,
      "First_name": "Phillip",
      "Last_name": null,
      "Phone_number": 0,
      "Title": null
    },
    "Assign_to": {
      "Id": 7,
      "First_name": "Dan",
      "Last_name": null,
      "Phone_number": 0,
      "Title": null
    }
  },
  {
    "Id": 6,
    "Description": "Sed ut perspiciatis unde omnis iste natus error sit voluptatem accusantium doloremque laudantium, totam rem aperiam, eaque ipsa quae ab illo inventore veritatis et quasi architecto beatae vitae dicta ",
    "Title": "Mrs",
    "Start_date": "1998-09-24T00:00:00",
    "End_date": "1915-02-22T00:00:00",
    "Created_by": {
      "Id": 55,
      "First_name": "Aaliyah",
      "Last_name": null,
      "Phone_number": 0,
      "Title": null
    },
    "Assign_to": {
      "Id": 55,
      "First_name": "Aaliyah",
      "Last_name": null,
      "Phone_number": 0,
      "Title": null
    }
  },
  {
    "Id": 7,
    "Description": "Nemo enim ipsam voluptatem quia voluptas sit aspernatur aut odit aut fugit, sed quia consequuntur magni dolores eos qui ratione voluptatem sequi nesciunt.",
    "Title": "Prof.",
    "Start_date": "1993-07-11T00:00:00",
    "End_date": "1967-06-19T00:00:00",
    "Created_by": {
      "Id": 52,
      "First_name": "Hannah",
      "Last_name": null,
      "Phone_number": 0,
      "Title": null
    },
    "Assign_to": {
      "Id": 52,
      "First_name": "Hannah",
      "Last_name": null,
      "Phone_number": 0,
      "Title": null
    }
  },
  {
    "Id": 8,
    "Description": "Neque porro quisquam est, qui dolorem ipsum quia dolor sit amet, consectetur, adipisci velit, sed quia non numquam eius modi tempora incidunt ut labore et dolore magnam aliquam quaerat voluptatem.",
    "Title": "Mrs",
    "Start_date": "1764-08-07T00:00:00",
    "End_date": "1943-12-08T00:00:00",
    "Created_by": {
      "Id": 28,
      "First_name": "Jesus",
      "Last_name": null,
      "Phone_number": 0,
      "Title": null
    },
    "Assign_to": {
      "Id": 28,
      "First_name": "Jesus",
      "Last_name": null,
      "Phone_number": 0,
      "Title": null
    }
  },
  {
    "Id": 9,
    "Description": "Neque porro quisquam est, qui dolorem ipsum quia dolor sit amet, consectetur, adipisci velit, sed quia non numquam eius modi tempora incidunt ut labore et dolore magnam aliquam quaerat voluptatem.",
    "Title": "Mrs",
    "Start_date": "1937-11-23T00:00:00",
    "End_date": "1944-10-21T00:00:00",
    "Created_by": {
      "Id": 25,
      "First_name": "Natalie",
      "Last_name": null,
      "Phone_number": 0,
      "Title": null
    },
    "Assign_to": {
      "Id": 3,
      "First_name": "Darryl",
      "Last_name": null,
      "Phone_number": 0,
      "Title": null
    }
  },
  {
    "Id": 10,
    "Description": "Neque porro quisquam est, qui dolorem ipsum quia dolor sit amet, consectetur, adipisci velit, sed quia non numquam eius modi tempora incidunt ut labore et dolore magnam aliquam quaerat voluptatem.",
    "Title": "Mrs",
    "Start_date": "1914-07-21T00:00:00",
    "End_date": "2009-02-11T00:00:00",
    "Created_by": {
      "Id": 23,
      "First_name": "Bob",
      "Last_name": null,
      "Phone_number": 0,
      "Title": null
    },
    "Assign_to": {
      "Id": 23,
      "First_name": "Bob",
      "Last_name": null,
      "Phone_number": 0,
      "Title": null
    }
  },
  {
    "Id": 11,
    "Description": "Quis autem vel eum iure reprehenderit qui in ea voluptate velit esse quam nihil molestiae consequatur, vel illum qui dolorem eum fugiat quo voluptas nulla pariatur?",
    "Title": "Dr.",
    "Start_date": "1950-01-09T00:00:00",
    "End_date": "1782-03-26T00:00:00",
    "Created_by": {
      "Id": 66,
      "First_name": "Clinton",
      "Last_name": null,
      "Phone_number": 0,
      "Title": null
    },
    "Assign_to": {
      "Id": 66,
      "First_name": "Clinton",
      "Last_name": null,
      "Phone_number": 0,
      "Title": null
    }
  },
  {
    "Id": 12,
    "Description": "Nemo enim ipsam voluptatem quia voluptas sit aspernatur aut odit aut fugit, sed quia consequuntur magni dolores eos qui ratione voluptatem sequi nesciunt.",
    "Title": "Prof.",
    "Start_date": "1969-06-21T00:00:00",
    "End_date": "1918-03-14T00:00:00",
    "Created_by": {
      "Id": 90,
      "First_name": "Isabelle",
      "Last_name": null,
      "Phone_number": 0,
      "Title": null
    },
    "Assign_to": {
      "Id": 90,
      "First_name": "Isabelle",
      "Last_name": null,
      "Phone_number": 0,
      "Title": null
    }
  },
  {
    "Id": 13,
    "Description": "Neque porro quisquam est, qui dolorem ipsum quia dolor sit amet, consectetur, adipisci velit, sed quia non numquam eius modi tempora incidunt ut labore et dolore magnam aliquam quaerat voluptatem.",
    "Title": "Prof.",
    "Start_date": "1832-04-24T00:00:00",
    "End_date": "1859-07-01T00:00:00",
    "Created_by": {
      "Id": 71,
      "First_name": "Ella",
      "Last_name": null,
      "Phone_number": 0,
      "Title": null
    },
    "Assign_to": {
      "Id": 71,
      "First_name": "Ella",
      "Last_name": null,
      "Phone_number": 0,
      "Title": null
    }
  },
  {
    "Id": 14,
    "Description": "Quis autem vel eum iure reprehenderit qui in ea voluptate velit esse quam nihil molestiae consequatur, vel illum qui dolorem eum fugiat quo voluptas nulla pariatur?",
    "Title": "Mr",
    "Start_date": "1959-03-31T00:00:00",
    "End_date": "1974-08-23T00:00:00",
    "Created_by": {
      "Id": 76,
      "First_name": "Franklin",
      "Last_name": null,
      "Phone_number": 0,
      "Title": null
    },
    "Assign_to": {
      "Id": 76,
      "First_name": "Franklin",
      "Last_name": null,
      "Phone_number": 0,
      "Title": null
    }
  },
  {
    "Id": 15,
    "Description": "Sed ut perspiciatis unde omnis iste natus error sit voluptatem accusantium doloremque laudantium, totam rem aperiam, eaque ipsa quae ab illo inventore veritatis et quasi architecto beatae vitae dicta ",
    "Title": "Mr",
    "Start_date": "1974-04-21T00:00:00",
    "End_date": "1930-05-03T00:00:00",
    "Created_by": {
      "Id": 58,
      "First_name": "Sarah",
      "Last_name": null,
      "Phone_number": 0,
      "Title": null
    },
    "Assign_to": {
      "Id": 58,
      "First_name": "Sarah",
      "Last_name": null,
      "Phone_number": 0,
      "Title": null
    }
  },
  {
    "Id": 16,
    "Description": "Quis autem vel eum iure reprehenderit qui in ea voluptate velit esse quam nihil molestiae consequatur, vel illum qui dolorem eum fugiat quo voluptas nulla pariatur?",
    "Title": "Prof.",
    "Start_date": "1956-02-09T00:00:00",
    "End_date": "1985-07-11T00:00:00",
    "Created_by": {
      "Id": 22,
      "First_name": "Zoe",
      "Last_name": null,
      "Phone_number": 0,
      "Title": null
    },
    "Assign_to": {
      "Id": 22,
      "First_name": "Zoe",
      "Last_name": null,
      "Phone_number": 0,
      "Title": null
    }
  },
  {
    "Id": 17,
    "Description": "Quis autem vel eum iure reprehenderit qui in ea voluptate velit esse quam nihil molestiae consequatur, vel illum qui dolorem eum fugiat quo voluptas nulla pariatur?",
    "Title": "Dr.",
    "Start_date": "1917-07-16T00:00:00",
    "End_date": "1956-06-14T00:00:00",
    "Created_by": {
      "Id": 60,
      "First_name": "Matthew",
      "Last_name": null,
      "Phone_number": 0,
      "Title": null
    },
    "Assign_to": {
      "Id": 60,
      "First_name": "Matthew",
      "Last_name": null,
      "Phone_number": 0,
      "Title": null
    }
  },
  {
    "Id": 18,
    "Description": "Neque porro quisquam est, qui dolorem ipsum quia dolor sit amet, consectetur, adipisci velit, sed quia non numquam eius modi tempora incidunt ut labore et dolore magnam aliquam quaerat voluptatem.",
    "Title": "Ms",
    "Start_date": "1877-09-20T00:00:00",
    "End_date": "1863-02-04T00:00:00",
    "Created_by": {
      "Id": 45,
      "First_name": "Victoria",
      "Last_name": null,
      "Phone_number": 0,
      "Title": null
    },
    "Assign_to": {
      "Id": 45,
      "First_name": "Victoria",
      "Last_name": null,
      "Phone_number": 0,
      "Title": null
    }
  },
  {
    "Id": 19,
    "Description": "Sed ut perspiciatis unde omnis iste natus error sit voluptatem accusantium doloremque laudantium, totam rem aperiam, eaque ipsa quae ab illo inventore veritatis et quasi architecto beatae vitae dicta ",
    "Title": "Ms",
    "Start_date": "1981-12-06T00:00:00",
    "End_date": "1998-12-22T00:00:00",
    "Created_by": {
      "Id": 53,
      "First_name": "Hailey",
      "Last_name": null,
      "Phone_number": 0,
      "Title": null
    },
    "Assign_to": {
      "Id": 53,
      "First_name": "Hailey",
      "Last_name": null,
      "Phone_number": 0,
      "Title": null
    }
  },
  {
    "Id": 20,
    "Description": "Nemo enim ipsam voluptatem quia voluptas sit aspernatur aut odit aut fugit, sed quia consequuntur magni dolores eos qui ratione voluptatem sequi nesciunt.",
    "Title": "Ms",
    "Start_date": "1872-08-14T00:00:00",
    "End_date": "1768-06-29T00:00:00",
    "Created_by": {
      "Id": 69,
      "First_name": "Ian",
      "Last_name": null,
      "Phone_number": 0,
      "Title": null
    },
    "Assign_to": {
      "Id": 69,
      "First_name": "Ian",
      "Last_name": null,
      "Phone_number": 0,
      "Title": null
    }
  },
  {
    "Id": 21,
    "Description": "Ut enim ad minima veniam, quis nostrum exercitationem ullam corporis suscipit laboriosam, nisi ut aliquid ex ea commodi consequatur?",
    "Title": "Prof.",
    "Start_date": "1970-09-29T00:00:00",
    "End_date": "1872-02-09T00:00:00",
    "Created_by": {
      "Id": 89,
      "First_name": "Marion",
      "Last_name": null,
      "Phone_number": 0,
      "Title": null
    },
    "Assign_to": {
      "Id": 89,
      "First_name": "Marion",
      "Last_name": null,
      "Phone_number": 0,
      "Title": null
    }
  },
  {
    "Id": 22,
    "Description": "Quis autem vel eum iure reprehenderit qui in ea voluptate velit esse quam nihil molestiae consequatur, vel illum qui dolorem eum fugiat quo voluptas nulla pariatur?",
    "Title": "Prof.",
    "Start_date": "1958-06-13T00:00:00",
    "End_date": "1898-05-27T00:00:00",
    "Created_by": {
      "Id": 17,
      "First_name": "Vivian",
      "Last_name": null,
      "Phone_number": 0,
      "Title": null
    },
    "Assign_to": {
      "Id": 17,
      "First_name": "Vivian",
      "Last_name": null,
      "Phone_number": 0,
      "Title": null
    }
  },
  {
    "Id": 23,
    "Description": "Nemo enim ipsam voluptatem quia voluptas sit aspernatur aut odit aut fugit, sed quia consequuntur magni dolores eos qui ratione voluptatem sequi nesciunt.",
    "Title": "Dr.",
    "Start_date": "1848-01-25T00:00:00",
    "End_date": "1826-10-20T00:00:00",
    "Created_by": {
      "Id": 65,
      "First_name": "Stella",
      "Last_name": null,
      "Phone_number": 0,
      "Title": null
    },
    "Assign_to": {
      "Id": 65,
      "First_name": "Stella",
      "Last_name": null,
      "Phone_number": 0,
      "Title": null
    }
  },
  {
    "Id": 24,
    "Description": "Sed ut perspiciatis unde omnis iste natus error sit voluptatem accusantium doloremque laudantium, totam rem aperiam, eaque ipsa quae ab illo inventore veritatis et quasi architecto beatae vitae dicta ",
    "Title": "Miss",
    "Start_date": "1914-10-15T00:00:00",
    "End_date": "1855-04-21T00:00:00",
    "Created_by": {
      "Id": 27,
      "First_name": "Joseph",
      "Last_name": null,
      "Phone_number": 0,
      "Title": null
    },
    "Assign_to": {
      "Id": 27,
      "First_name": "Joseph",
      "Last_name": null,
      "Phone_number": 0,
      "Title": null
    }
  },
  {
    "Id": 25,
    "Description": "Sed ut perspiciatis unde omnis iste natus error sit voluptatem accusantium doloremque laudantium, totam rem aperiam, eaque ipsa quae ab illo inventore veritatis et quasi architecto beatae vitae dicta ",
    "Title": "Mrs",
    "Start_date": "1973-03-08T00:00:00",
    "End_date": "1941-05-31T00:00:00",
    "Created_by": {
      "Id": 42,
      "First_name": "Aria",
      "Last_name": null,
      "Phone_number": 0,
      "Title": null
    },
    "Assign_to": {
      "Id": 42,
      "First_name": "Aria",
      "Last_name": null,
      "Phone_number": 0,
      "Title": null
    }
  },
  {
    "Id": 26,
    "Description": "Sed ut perspiciatis unde omnis iste natus error sit voluptatem accusantium doloremque laudantium, totam rem aperiam, eaque ipsa quae ab illo inventore veritatis et quasi architecto beatae vitae dicta ",
    "Title": "Dr.",
    "Start_date": "2017-01-19T00:00:00",
    "End_date": "1958-06-20T00:00:00",
    "Created_by": {
      "Id": 56,
      "First_name": "Ken",
      "Last_name": null,
      "Phone_number": 0,
      "Title": null
    },
    "Assign_to": {
      "Id": 56,
      "First_name": "Ken",
      "Last_name": null,
      "Phone_number": 0,
      "Title": null
    }
  },
  {
    "Id": 27,
    "Description": "Nemo enim ipsam voluptatem quia voluptas sit aspernatur aut odit aut fugit, sed quia consequuntur magni dolores eos qui ratione voluptatem sequi nesciunt.",
    "Title": "Prof.",
    "Start_date": "2002-04-10T00:00:00",
    "End_date": "1875-06-25T00:00:00",
    "Created_by": {
      "Id": 11,
      "First_name": "Erik",
      "Last_name": null,
      "Phone_number": 0,
      "Title": null
    },
    "Assign_to": {
      "Id": 11,
      "First_name": "Erik",
      "Last_name": null,
      "Phone_number": 0,
      "Title": null
    }
  },
  {
    "Id": 28,
    "Description": "Ut enim ad minima veniam, quis nostrum exercitationem ullam corporis suscipit laboriosam, nisi ut aliquid ex ea commodi consequatur?",
    "Title": "Prof.",
    "Start_date": "1902-08-30T00:00:00",
    "End_date": "2004-12-05T00:00:00",
    "Created_by": {
      "Id": 2,
      "First_name": "Ray",
      "Last_name": null,
      "Phone_number": 0,
      "Title": null
    },
    "Assign_to": {
      "Id": 2,
      "First_name": "Ray",
      "Last_name": null,
      "Phone_number": 0,
      "Title": null
    }
  },
  {
    "Id": 29,
    "Description": "Nemo enim ipsam voluptatem quia voluptas sit aspernatur aut odit aut fugit, sed quia consequuntur magni dolores eos qui ratione voluptatem sequi nesciunt.",
    "Title": "Mr",
    "Start_date": "1813-10-17T00:00:00",
    "End_date": "1926-07-25T00:00:00",
    "Created_by": {
      "Id": 47,
      "First_name": "Jerome",
      "Last_name": null,
      "Phone_number": 0,
      "Title": null
    },
    "Assign_to": {
      "Id": 47,
      "First_name": "Jerome",
      "Last_name": null,
      "Phone_number": 0,
      "Title": null
    }
  },
  {
    "Id": 30,
    "Description": "Ut enim ad minima veniam, quis nostrum exercitationem ullam corporis suscipit laboriosam, nisi ut aliquid ex ea commodi consequatur?",
    "Title": "Mrs",
    "Start_date": "1761-08-01T00:00:00",
    "End_date": "1935-10-29T00:00:00",
    "Created_by": {
      "Id": 50,
      "First_name": "Jose",
      "Last_name": null,
      "Phone_number": 0,
      "Title": null
    },
    "Assign_to": {
      "Id": 50,
      "First_name": "Jose",
      "Last_name": null,
      "Phone_number": 0,
      "Title": null
    }
  },
  {
    "Id": 31,
    "Description": "Neque porro quisquam est, qui dolorem ipsum quia dolor sit amet, consectetur, adipisci velit, sed quia non numquam eius modi tempora incidunt ut labore et dolore magnam aliquam quaerat voluptatem.",
    "Title": "Mrs",
    "Start_date": "1927-08-05T00:00:00",
    "End_date": "2002-12-06T00:00:00",
    "Created_by": {
      "Id": 59,
      "First_name": "Dustin",
      "Last_name": null,
      "Phone_number": 0,
      "Title": null
    },
    "Assign_to": {
      "Id": 59,
      "First_name": "Dustin",
      "Last_name": null,
      "Phone_number": 0,
      "Title": null
    }
  },
  {
    "Id": 32,
    "Description": "Quis autem vel eum iure reprehenderit qui in ea voluptate velit esse quam nihil molestiae consequatur, vel illum qui dolorem eum fugiat quo voluptas nulla pariatur?",
    "Title": "Dr.",
    "Start_date": "2006-06-04T00:00:00",
    "End_date": "2014-04-01T00:00:00",
    "Created_by": {
      "Id": 82,
      "First_name": "Jorge",
      "Last_name": null,
      "Phone_number": 0,
      "Title": null
    },
    "Assign_to": {
      "Id": 82,
      "First_name": "Jorge",
      "Last_name": null,
      "Phone_number": 0,
      "Title": null
    }
  },
  {
    "Id": 33,
    "Description": "Ut enim ad minima veniam, quis nostrum exercitationem ullam corporis suscipit laboriosam, nisi ut aliquid ex ea commodi consequatur?",
    "Title": "Prof.",
    "Start_date": "1916-10-10T00:00:00",
    "End_date": "2015-06-27T00:00:00",
    "Created_by": {
      "Id": 21,
      "First_name": "Julian",
      "Last_name": null,
      "Phone_number": 0,
      "Title": null
    },
    "Assign_to": {
      "Id": 21,
      "First_name": "Julian",
      "Last_name": null,
      "Phone_number": 0,
      "Title": null
    }
  },
  {
    "Id": 34,
    "Description": "Quis autem vel eum iure reprehenderit qui in ea voluptate velit esse quam nihil molestiae consequatur, vel illum qui dolorem eum fugiat quo voluptas nulla pariatur?",
    "Title": "Dr.",
    "Start_date": "1880-01-03T00:00:00",
    "End_date": "1817-08-28T00:00:00",
    "Created_by": {
      "Id": 80,
      "First_name": "Darrell",
      "Last_name": null,
      "Phone_number": 0,
      "Title": null
    },
    "Assign_to": {
      "Id": 80,
      "First_name": "Darrell",
      "Last_name": null,
      "Phone_number": 0,
      "Title": null
    }
  },
  {
    "Id": 35,
    "Description": "Nemo enim ipsam voluptatem quia voluptas sit aspernatur aut odit aut fugit, sed quia consequuntur magni dolores eos qui ratione voluptatem sequi nesciunt.",
    "Title": "Dr.",
    "Start_date": "1857-10-09T00:00:00",
    "End_date": "1909-02-04T00:00:00",
    "Created_by": {
      "Id": 16,
      "First_name": "Keira",
      "Last_name": null,
      "Phone_number": 0,
      "Title": null
    },
    "Assign_to": {
      "Id": 16,
      "First_name": "Keira",
      "Last_name": null,
      "Phone_number": 0,
      "Title": null
    }
  },
  {
    "Id": 36,
    "Description": "Quis autem vel eum iure reprehenderit qui in ea voluptate velit esse quam nihil molestiae consequatur, vel illum qui dolorem eum fugiat quo voluptas nulla pariatur?",
    "Title": "Miss",
    "Start_date": "1914-12-29T00:00:00",
    "End_date": "1884-10-17T00:00:00",
    "Created_by": {
      "Id": 30,
      "First_name": "Andy",
      "Last_name": null,
      "Phone_number": 0,
      "Title": null
    },
    "Assign_to": {
      "Id": 30,
      "First_name": "Andy",
      "Last_name": null,
      "Phone_number": 0,
      "Title": null
    }
  },
  {
    "Id": 37,
    "Description": "Sed ut perspiciatis unde omnis iste natus error sit voluptatem accusantium doloremque laudantium, totam rem aperiam, eaque ipsa quae ab illo inventore veritatis et quasi architecto beatae vitae dicta ",
    "Title": "Prof.",
    "Start_date": "1776-10-04T00:00:00",
    "End_date": "1778-06-14T00:00:00",
    "Created_by": {
      "Id": 74,
      "First_name": "Salvador",
      "Last_name": null,
      "Phone_number": 0,
      "Title": null
    },
    "Assign_to": {
      "Id": 74,
      "First_name": "Salvador",
      "Last_name": null,
      "Phone_number": 0,
      "Title": null
    }
  },
  {
    "Id": 38,
    "Description": "Neque porro quisquam est, qui dolorem ipsum quia dolor sit amet, consectetur, adipisci velit, sed quia non numquam eius modi tempora incidunt ut labore et dolore magnam aliquam quaerat voluptatem.",
    "Title": "Dr.",
    "Start_date": "1765-09-06T00:00:00",
    "End_date": "1772-07-15T00:00:00",
    "Created_by": {
      "Id": 67,
      "First_name": "Peter",
      "Last_name": null,
      "Phone_number": 0,
      "Title": null
    },
    "Assign_to": {
      "Id": 67,
      "First_name": "Peter",
      "Last_name": null,
      "Phone_number": 0,
      "Title": null
    }
  },
  {
    "Id": 39,
    "Description": "Ut enim ad minima veniam, quis nostrum exercitationem ullam corporis suscipit laboriosam, nisi ut aliquid ex ea commodi consequatur?",
    "Title": "Mr",
    "Start_date": "1897-07-07T00:00:00",
    "End_date": "1836-05-25T00:00:00",
    "Created_by": {
      "Id": 70,
      "First_name": "Perry",
      "Last_name": null,
      "Phone_number": 0,
      "Title": null
    },
    "Assign_to": {
      "Id": 70,
      "First_name": "Perry",
      "Last_name": null,
      "Phone_number": 0,
      "Title": null
    }
  },
  {
    "Id": 40,
    "Description": "Nemo enim ipsam voluptatem quia voluptas sit aspernatur aut odit aut fugit, sed quia consequuntur magni dolores eos qui ratione voluptatem sequi nesciunt.",
    "Title": "Mrs",
    "Start_date": "1775-11-06T00:00:00",
    "End_date": "1904-03-20T00:00:00",
    "Created_by": {
      "Id": 72,
      "First_name": "Francisco",
      "Last_name": null,
      "Phone_number": 0,
      "Title": null
    },
    "Assign_to": {
      "Id": 72,
      "First_name": "Francisco",
      "Last_name": null,
      "Phone_number": 0,
      "Title": null
    }
  },
  {
    "Id": 41,
    "Description": "Quis autem vel eum iure reprehenderit qui in ea voluptate velit esse quam nihil molestiae consequatur, vel illum qui dolorem eum fugiat quo voluptas nulla pariatur?",
    "Title": "Prof.",
    "Start_date": "2006-04-15T00:00:00",
    "End_date": "1918-09-20T00:00:00",
    "Created_by": {
      "Id": 84,
      "First_name": "Roland",
      "Last_name": null,
      "Phone_number": 0,
      "Title": null
    },
    "Assign_to": {
      "Id": 84,
      "First_name": "Roland",
      "Last_name": null,
      "Phone_number": 0,
      "Title": null
    }
  },
  {
    "Id": 42,
    "Description": "Nemo enim ipsam voluptatem quia voluptas sit aspernatur aut odit aut fugit, sed quia consequuntur magni dolores eos qui ratione voluptatem sequi nesciunt.",
    "Title": "Ms",
    "Start_date": "1865-06-17T00:00:00",
    "End_date": "1773-10-16T00:00:00",
    "Created_by": {
      "Id": 90,
      "First_name": "Isabelle",
      "Last_name": null,
      "Phone_number": 0,
      "Title": null
    },
    "Assign_to": {
      "Id": 90,
      "First_name": "Isabelle",
      "Last_name": null,
      "Phone_number": 0,
      "Title": null
    }
  },
  {
    "Id": 43,
    "Description": "Nemo enim ipsam voluptatem quia voluptas sit aspernatur aut odit aut fugit, sed quia consequuntur magni dolores eos qui ratione voluptatem sequi nesciunt.",
    "Title": "Prof.",
    "Start_date": "1756-06-27T00:00:00",
    "End_date": "1812-06-02T00:00:00",
    "Created_by": {
      "Id": 62,
      "First_name": "Robert",
      "Last_name": null,
      "Phone_number": 0,
      "Title": null
    },
    "Assign_to": {
      "Id": 62,
      "First_name": "Robert",
      "Last_name": null,
      "Phone_number": 0,
      "Title": null
    }
  },
  {
    "Id": 44,
    "Description": "Neque porro quisquam est, qui dolorem ipsum quia dolor sit amet, consectetur, adipisci velit, sed quia non numquam eius modi tempora incidunt ut labore et dolore magnam aliquam quaerat voluptatem.",
    "Title": "Dr.",
    "Start_date": "1805-03-04T00:00:00",
    "End_date": "2010-04-17T00:00:00",
    "Created_by": {
      "Id": 90,
      "First_name": "Isabelle",
      "Last_name": null,
      "Phone_number": 0,
      "Title": null
    },
    "Assign_to": {
      "Id": 90,
      "First_name": "Isabelle",
      "Last_name": null,
      "Phone_number": 0,
      "Title": null
    }
  },
  {
    "Id": 45,
    "Description": "Ut enim ad minima veniam, quis nostrum exercitationem ullam corporis suscipit laboriosam, nisi ut aliquid ex ea commodi consequatur?",
    "Title": "Ms",
    "Start_date": "1803-06-27T00:00:00",
    "End_date": "1968-07-20T00:00:00",
    "Created_by": {
      "Id": 38,
      "First_name": "Jaime",
      "Last_name": null,
      "Phone_number": 0,
      "Title": null
    },
    "Assign_to": {
      "Id": 38,
      "First_name": "Jaime",
      "Last_name": null,
      "Phone_number": 0,
      "Title": null
    }
  },
  {
    "Id": 46,
    "Description": "Nemo enim ipsam voluptatem quia voluptas sit aspernatur aut odit aut fugit, sed quia consequuntur magni dolores eos qui ratione voluptatem sequi nesciunt.",
    "Title": "Ms",
    "Start_date": "1755-06-13T00:00:00",
    "End_date": "1998-05-04T00:00:00",
    "Created_by": {
      "Id": 24,
      "First_name": "Jerry",
      "Last_name": null,
      "Phone_number": 0,
      "Title": null
    },
    "Assign_to": {
      "Id": 24,
      "First_name": "Jerry",
      "Last_name": null,
      "Phone_number": 0,
      "Title": null
    }
  },
  {
    "Id": 47,
    "Description": "Neque porro quisquam est, qui dolorem ipsum quia dolor sit amet, consectetur, adipisci velit, sed quia non numquam eius modi tempora incidunt ut labore et dolore magnam aliquam quaerat voluptatem.",
    "Title": "Ms",
    "Start_date": "2002-12-20T00:00:00",
    "End_date": "1846-04-05T00:00:00",
    "Created_by": {
      "Id": 46,
      "First_name": "Nicholas",
      "Last_name": null,
      "Phone_number": 0,
      "Title": null
    },
    "Assign_to": {
      "Id": 46,
      "First_name": "Nicholas",
      "Last_name": null,
      "Phone_number": 0,
      "Title": null
    }
  },
  {
    "Id": 48,
    "Description": "Neque porro quisquam est, qui dolorem ipsum quia dolor sit amet, consectetur, adipisci velit, sed quia non numquam eius modi tempora incidunt ut labore et dolore magnam aliquam quaerat voluptatem.",
    "Title": "Prof.",
    "Start_date": "1980-10-26T00:00:00",
    "End_date": "1969-07-12T00:00:00",
    "Created_by": {
      "Id": 87,
      "First_name": "Christopher",
      "Last_name": null,
      "Phone_number": 0,
      "Title": null
    },
    "Assign_to": {
      "Id": 87,
      "First_name": "Christopher",
      "Last_name": null,
      "Phone_number": 0,
      "Title": null
    }
  },
  {
    "Id": 49,
    "Description": "Sed ut perspiciatis unde omnis iste natus error sit voluptatem accusantium doloremque laudantium, totam rem aperiam, eaque ipsa quae ab illo inventore veritatis et quasi architecto beatae vitae dicta ",
    "Title": "Dr.",
    "Start_date": "1755-01-06T00:00:00",
    "End_date": "1919-12-21T00:00:00",
    "Created_by": {
      "Id": 9,
      "First_name": "Gordon",
      "Last_name": null,
      "Phone_number": 0,
      "Title": null
    },
    "Assign_to": {
      "Id": 9,
      "First_name": "Gordon",
      "Last_name": null,
      "Phone_number": 0,
      "Title": null
    }
  },
  {
    "Id": 50,
    "Description": "Sed ut perspiciatis unde omnis iste natus error sit voluptatem accusantium doloremque laudantium, totam rem aperiam, eaque ipsa quae ab illo inventore veritatis et quasi architecto beatae vitae dicta ",
    "Title": "Dr.",
    "Start_date": "2018-11-19T00:00:00",
    "End_date": "1801-07-30T00:00:00",
    "Created_by": {
      "Id": 15,
      "First_name": "Clifton",
      "Last_name": null,
      "Phone_number": 0,
      "Title": null
    },
    "Assign_to": {
      "Id": 15,
      "First_name": "Clifton",
      "Last_name": null,
      "Phone_number": 0,
      "Title": null
    }
  },
  {
    "Id": 51,
    "Description": "Neque porro quisquam est, qui dolorem ipsum quia dolor sit amet, consectetur, adipisci velit, sed quia non numquam eius modi tempora incidunt ut labore et dolore magnam aliquam quaerat voluptatem.",
    "Title": "Dr.",
    "Start_date": "1891-12-17T00:00:00",
    "End_date": "1975-11-17T00:00:00",
    "Created_by": {
      "Id": 64,
      "First_name": "Jacob",
      "Last_name": null,
      "Phone_number": 0,
      "Title": null
    },
    "Assign_to": {
      "Id": 64,
      "First_name": "Jacob",
      "Last_name": null,
      "Phone_number": 0,
      "Title": null
    }
  },
  {
    "Id": 52,
    "Description": "Ut enim ad minima veniam, quis nostrum exercitationem ullam corporis suscipit laboriosam, nisi ut aliquid ex ea commodi consequatur?",
    "Title": "Miss",
    "Start_date": "1971-03-02T00:00:00",
    "End_date": "1839-08-10T00:00:00",
    "Created_by": {
      "Id": 36,
      "First_name": "Bobby",
      "Last_name": null,
      "Phone_number": 0,
      "Title": null
    },
    "Assign_to": {
      "Id": 36,
      "First_name": "Bobby",
      "Last_name": null,
      "Phone_number": 0,
      "Title": null
    }
  },
  {
    "Id": 53,
    "Description": "Sed ut perspiciatis unde omnis iste natus error sit voluptatem accusantium doloremque laudantium, totam rem aperiam, eaque ipsa quae ab illo inventore veritatis et quasi architecto beatae vitae dicta ",
    "Title": "Miss",
    "Start_date": "1938-11-06T00:00:00",
    "End_date": "1844-10-16T00:00:00",
    "Created_by": {
      "Id": 90,
      "First_name": "Isabelle",
      "Last_name": null,
      "Phone_number": 0,
      "Title": null
    },
    "Assign_to": {
      "Id": 90,
      "First_name": "Isabelle",
      "Last_name": null,
      "Phone_number": 0,
      "Title": null
    }
  },
  {
    "Id": 54,
    "Description": "Sed ut perspiciatis unde omnis iste natus error sit voluptatem accusantium doloremque laudantium, totam rem aperiam, eaque ipsa quae ab illo inventore veritatis et quasi architecto beatae vitae dicta ",
    "Title": "Prof.",
    "Start_date": "1916-01-13T00:00:00",
    "End_date": "1825-11-25T00:00:00",
    "Created_by": {
      "Id": 90,
      "First_name": "Isabelle",
      "Last_name": null,
      "Phone_number": 0,
      "Title": null
    },
    "Assign_to": {
      "Id": 90,
      "First_name": "Isabelle",
      "Last_name": null,
      "Phone_number": 0,
      "Title": null
    }
  },
  {
    "Id": 55,
    "Description": "Sed ut perspiciatis unde omnis iste natus error sit voluptatem accusantium doloremque laudantium, totam rem aperiam, eaque ipsa quae ab illo inventore veritatis et quasi architecto beatae vitae dicta ",
    "Title": "Dr.",
    "Start_date": "1781-07-25T00:00:00",
    "End_date": "1979-06-14T00:00:00",
    "Created_by": {
      "Id": 63,
      "First_name": "Julia",
      "Last_name": null,
      "Phone_number": 0,
      "Title": null
    },
    "Assign_to": {
      "Id": 63,
      "First_name": "Julia",
      "Last_name": null,
      "Phone_number": 0,
      "Title": null
    }
  },
  {
    "Id": 56,
    "Description": "Sed ut perspiciatis unde omnis iste natus error sit voluptatem accusantium doloremque laudantium, totam rem aperiam, eaque ipsa quae ab illo inventore veritatis et quasi architecto beatae vitae dicta ",
    "Title": "Dr.",
    "Start_date": "1969-08-08T00:00:00",
    "End_date": "2018-12-09T00:00:00",
    "Created_by": {
      "Id": 5,
      "First_name": "Brooklyn",
      "Last_name": null,
      "Phone_number": 0,
      "Title": null
    },
    "Assign_to": {
      "Id": 5,
      "First_name": "Brooklyn",
      "Last_name": null,
      "Phone_number": 0,
      "Title": null
    }
  },
  {
    "Id": 57,
    "Description": "Nemo enim ipsam voluptatem quia voluptas sit aspernatur aut odit aut fugit, sed quia consequuntur magni dolores eos qui ratione voluptatem sequi nesciunt.",
    "Title": "Dr.",
    "Start_date": "2015-05-18T00:00:00",
    "End_date": "1948-12-26T00:00:00",
    "Created_by": {
      "Id": 14,
      "First_name": "Mackenzie",
      "Last_name": null,
      "Phone_number": 0,
      "Title": null
    },
    "Assign_to": {
      "Id": 14,
      "First_name": "Mackenzie",
      "Last_name": null,
      "Phone_number": 0,
      "Title": null
    }
  },
  {
    "Id": 58,
    "Description": "Quis autem vel eum iure reprehenderit qui in ea voluptate velit esse quam nihil molestiae consequatur, vel illum qui dolorem eum fugiat quo voluptas nulla pariatur?",
    "Title": "Dr.",
    "Start_date": "1827-04-10T00:00:00",
    "End_date": "1892-09-29T00:00:00",
    "Created_by": {
      "Id": 29,
      "First_name": "Paisley",
      "Last_name": null,
      "Phone_number": 0,
      "Title": null
    },
    "Assign_to": {
      "Id": 29,
      "First_name": "Paisley",
      "Last_name": null,
      "Phone_number": 0,
      "Title": null
    }
  },
  {
    "Id": 59,
    "Description": "Neque porro quisquam est, qui dolorem ipsum quia dolor sit amet, consectetur, adipisci velit, sed quia non numquam eius modi tempora incidunt ut labore et dolore magnam aliquam quaerat voluptatem.",
    "Title": "Mr",
    "Start_date": "1920-11-24T00:00:00",
    "End_date": "1869-12-22T00:00:00",
    "Created_by": {
      "Id": 77,
      "First_name": "Lawrence",
      "Last_name": null,
      "Phone_number": 0,
      "Title": null
    },
    "Assign_to": {
      "Id": 77,
      "First_name": "Lawrence",
      "Last_name": null,
      "Phone_number": 0,
      "Title": null
    }
  },
  {
    "Id": 60,
    "Description": "Nemo enim ipsam voluptatem quia voluptas sit aspernatur aut odit aut fugit, sed quia consequuntur magni dolores eos qui ratione voluptatem sequi nesciunt.",
    "Title": "Ms",
    "Start_date": "1946-04-13T00:00:00",
    "End_date": "1756-07-04T00:00:00",
    "Created_by": {
      "Id": 61,
      "First_name": "Kylie",
      "Last_name": null,
      "Phone_number": 0,
      "Title": null
    },
    "Assign_to": {
      "Id": 61,
      "First_name": "Kylie",
      "Last_name": null,
      "Phone_number": 0,
      "Title": null
    }
  },
  {
    "Id": 61,
    "Description": "Quis autem vel eum iure reprehenderit qui in ea voluptate velit esse quam nihil molestiae consequatur, vel illum qui dolorem eum fugiat quo voluptas nulla pariatur?",
    "Title": "Ms",
    "Start_date": "1870-05-18T00:00:00",
    "End_date": "1785-08-26T00:00:00",
    "Created_by": {
      "Id": 81,
      "First_name": "Raul",
      "Last_name": null,
      "Phone_number": 0,
      "Title": null
    },
    "Assign_to": {
      "Id": 81,
      "First_name": "Raul",
      "Last_name": null,
      "Phone_number": 0,
      "Title": null
    }
  },
  {
    "Id": 62,
    "Description": "Ut enim ad minima veniam, quis nostrum exercitationem ullam corporis suscipit laboriosam, nisi ut aliquid ex ea commodi consequatur?",
    "Title": "Prof.",
    "Start_date": "1878-05-13T00:00:00",
    "End_date": "1939-12-07T00:00:00",
    "Created_by": {
      "Id": 90,
      "First_name": "Isabelle",
      "Last_name": null,
      "Phone_number": 0,
      "Title": null
    },
    "Assign_to": {
      "Id": 90,
      "First_name": "Isabelle",
      "Last_name": null,
      "Phone_number": 0,
      "Title": null
    }
  },
  {
    "Id": 63,
    "Description": "Sed ut perspiciatis unde omnis iste natus error sit voluptatem accusantium doloremque laudantium, totam rem aperiam, eaque ipsa quae ab illo inventore veritatis et quasi architecto beatae vitae dicta ",
    "Title": "Mrs",
    "Start_date": "1922-03-29T00:00:00",
    "End_date": "1940-07-29T00:00:00",
    "Created_by": {
      "Id": 79,
      "First_name": "Lauren",
      "Last_name": null,
      "Phone_number": 0,
      "Title": null
    },
    "Assign_to": {
      "Id": 79,
      "First_name": "Lauren",
      "Last_name": null,
      "Phone_number": 0,
      "Title": null
    }
  },
  {
    "Id": 64,
    "Description": "Ut enim ad minima veniam, quis nostrum exercitationem ullam corporis suscipit laboriosam, nisi ut aliquid ex ea commodi consequatur?",
    "Title": "Miss",
    "Start_date": "1871-03-11T00:00:00",
    "End_date": "1817-10-23T00:00:00",
    "Created_by": {
      "Id": 35,
      "First_name": "Kenneth",
      "Last_name": null,
      "Phone_number": 0,
      "Title": null
    },
    "Assign_to": {
      "Id": 35,
      "First_name": "Kenneth",
      "Last_name": null,
      "Phone_number": 0,
      "Title": null
    }
  },
  {
    "Id": 65,
    "Description": "Sed ut perspiciatis unde omnis iste natus error sit voluptatem accusantium doloremque laudantium, totam rem aperiam, eaque ipsa quae ab illo inventore veritatis et quasi architecto beatae vitae dicta ",
    "Title": "Mrs",
    "Start_date": "1997-09-15T00:00:00",
    "End_date": "1987-09-28T00:00:00",
    "Created_by": {
      "Id": 54,
      "First_name": "Barry",
      "Last_name": null,
      "Phone_number": 0,
      "Title": null
    },
    "Assign_to": {
      "Id": 54,
      "First_name": "Barry",
      "Last_name": null,
      "Phone_number": 0,
      "Title": null
    }
  },
  {
    "Id": 66,
    "Description": "Sed ut perspiciatis unde omnis iste natus error sit voluptatem accusantium doloremque laudantium, totam rem aperiam, eaque ipsa quae ab illo inventore veritatis et quasi architecto beatae vitae dicta ",
    "Title": "Mrs",
    "Start_date": "1982-12-27T00:00:00",
    "End_date": "1755-12-11T00:00:00",
    "Created_by": {
      "Id": 4,
      "First_name": "Joel",
      "Last_name": null,
      "Phone_number": 0,
      "Title": null
    },
    "Assign_to": {
      "Id": 4,
      "First_name": "Joel",
      "Last_name": null,
      "Phone_number": 0,
      "Title": null
    }
  },
  {
    "Id": 67,
    "Description": "Neque porro quisquam est, qui dolorem ipsum quia dolor sit amet, consectetur, adipisci velit, sed quia non numquam eius modi tempora incidunt ut labore et dolore magnam aliquam quaerat voluptatem.",
    "Title": "Ms",
    "Start_date": "1911-01-24T00:00:00",
    "End_date": "1800-03-11T00:00:00",
    "Created_by": {
      "Id": 49,
      "First_name": "Kevin",
      "Last_name": null,
      "Phone_number": 0,
      "Title": null
    },
    "Assign_to": {
      "Id": 49,
      "First_name": "Kevin",
      "Last_name": null,
      "Phone_number": 0,
      "Title": null
    }
  },
  {
    "Id": 68,
    "Description": "Ut enim ad minima veniam, quis nostrum exercitationem ullam corporis suscipit laboriosam, nisi ut aliquid ex ea commodi consequatur?",
    "Title": "Prof.",
    "Start_date": "1828-04-10T00:00:00",
    "End_date": "1849-10-22T00:00:00",
    "Created_by": {
      "Id": 6,
      "First_name": "Nelson",
      "Last_name": null,
      "Phone_number": 0,
      "Title": null
    },
    "Assign_to": {
      "Id": 6,
      "First_name": "Nelson",
      "Last_name": null,
      "Phone_number": 0,
      "Title": null
    }
  },
  {
    "Id": 69,
    "Description": "Ut enim ad minima veniam, quis nostrum exercitationem ullam corporis suscipit laboriosam, nisi ut aliquid ex ea commodi consequatur?",
    "Title": "Mrs",
    "Start_date": "1916-03-23T00:00:00",
    "End_date": "1951-01-06T00:00:00",
    "Created_by": {
      "Id": 34,
      "First_name": "Avery",
      "Last_name": null,
      "Phone_number": 0,
      "Title": null
    },
    "Assign_to": {
      "Id": 34,
      "First_name": "Avery",
      "Last_name": null,
      "Phone_number": 0,
      "Title": null
    }
  },
  {
    "Id": 70,
    "Description": "Nemo enim ipsam voluptatem quia voluptas sit aspernatur aut odit aut fugit, sed quia consequuntur magni dolores eos qui ratione voluptatem sequi nesciunt.",
    "Title": "Dr.",
    "Start_date": "1910-05-09T00:00:00",
    "End_date": "1883-01-07T00:00:00",
    "Created_by": {
      "Id": 3,
      "First_name": "Darryl",
      "Last_name": null,
      "Phone_number": 0,
      "Title": null
    },
    "Assign_to": {
      "Id": 3,
      "First_name": "Darryl",
      "Last_name": null,
      "Phone_number": 0,
      "Title": null
    }
  },
  {
    "Id": 71,
    "Description": "Quis autem vel eum iure reprehenderit qui in ea voluptate velit esse quam nihil molestiae consequatur, vel illum qui dolorem eum fugiat quo voluptas nulla pariatur?",
    "Title": "Prof.",
    "Start_date": "1938-11-23T00:00:00",
    "End_date": "1755-02-24T00:00:00",
    "Created_by": {
      "Id": 32,
      "First_name": "Dwayne",
      "Last_name": null,
      "Phone_number": 0,
      "Title": null
    },
    "Assign_to": {
      "Id": 32,
      "First_name": "Dwayne",
      "Last_name": null,
      "Phone_number": 0,
      "Title": null
    }
  },
  {
    "Id": 72,
    "Description": "Nemo enim ipsam voluptatem quia voluptas sit aspernatur aut odit aut fugit, sed quia consequuntur magni dolores eos qui ratione voluptatem sequi nesciunt.",
    "Title": "Mr",
    "Start_date": "1943-04-11T00:00:00",
    "End_date": "1847-10-20T00:00:00",
    "Created_by": {
      "Id": 90,
      "First_name": "Isabelle",
      "Last_name": null,
      "Phone_number": 0,
      "Title": null
    },
    "Assign_to": {
      "Id": 90,
      "First_name": "Isabelle",
      "Last_name": null,
      "Phone_number": 0,
      "Title": null
    }
  },
  {
    "Id": 73,
    "Description": "Quis autem vel eum iure reprehenderit qui in ea voluptate velit esse quam nihil molestiae consequatur, vel illum qui dolorem eum fugiat quo voluptas nulla pariatur?",
    "Title": "Prof.",
    "Start_date": "1832-12-07T00:00:00",
    "End_date": "1998-03-15T00:00:00",
    "Created_by": {
      "Id": 75,
      "First_name": "Jesse",
      "Last_name": null,
      "Phone_number": 0,
      "Title": null
    },
    "Assign_to": {
      "Id": 75,
      "First_name": "Jesse",
      "Last_name": null,
      "Phone_number": 0,
      "Title": null
    }
  },
  {
    "Id": 74,
    "Description": "Ut enim ad minima veniam, quis nostrum exercitationem ullam corporis suscipit laboriosam, nisi ut aliquid ex ea commodi consequatur?",
    "Title": "Dr.",
    "Start_date": "1924-04-02T00:00:00",
    "End_date": "2018-10-28T00:00:00",
    "Created_by": {
      "Id": 83,
      "First_name": "Claude",
      "Last_name": null,
      "Phone_number": 0,
      "Title": null
    },
    "Assign_to": {
      "Id": 83,
      "First_name": "Claude",
      "Last_name": null,
      "Phone_number": 0,
      "Title": null
    }
  },
  {
    "Id": 75,
    "Description": "Nemo enim ipsam voluptatem quia voluptas sit aspernatur aut odit aut fugit, sed quia consequuntur magni dolores eos qui ratione voluptatem sequi nesciunt.",
    "Title": "Mr",
    "Start_date": "1784-07-12T00:00:00",
    "End_date": "1961-04-19T00:00:00",
    "Created_by": {
      "Id": 85,
      "First_name": "Benjamin",
      "Last_name": null,
      "Phone_number": 0,
      "Title": null
    },
    "Assign_to": {
      "Id": 85,
      "First_name": "Benjamin",
      "Last_name": null,
      "Phone_number": 0,
      "Title": null
    }
  },
  {
    "Id": 76,
    "Description": "Nemo enim ipsam voluptatem quia voluptas sit aspernatur aut odit aut fugit, sed quia consequuntur magni dolores eos qui ratione voluptatem sequi nesciunt.",
    "Title": "Mr",
    "Start_date": "1989-08-14T00:00:00",
    "End_date": "1829-10-24T00:00:00",
    "Created_by": {
      "Id": 40,
      "First_name": "Savannah",
      "Last_name": null,
      "Phone_number": 0,
      "Title": null
    },
    "Assign_to": {
      "Id": 40,
      "First_name": "Savannah",
      "Last_name": null,
      "Phone_number": 0,
      "Title": null
    }
  },
  {
    "Id": 77,
    "Description": "Ut enim ad minima veniam, quis nostrum exercitationem ullam corporis suscipit laboriosam, nisi ut aliquid ex ea commodi consequatur?",
    "Title": "Dr.",
    "Start_date": "1992-07-23T00:00:00",
    "End_date": "1979-09-08T00:00:00",
    "Created_by": {
      "Id": 90,
      "First_name": "Isabelle",
      "Last_name": null,
      "Phone_number": 0,
      "Title": null
    },
    "Assign_to": {
      "Id": 90,
      "First_name": "Isabelle",
      "Last_name": null,
      "Phone_number": 0,
      "Title": null
    }
  },
  {
    "Id": 78,
    "Description": "Ut enim ad minima veniam, quis nostrum exercitationem ullam corporis suscipit laboriosam, nisi ut aliquid ex ea commodi consequatur?",
    "Title": "Dr.",
    "Start_date": "1841-06-07T00:00:00",
    "End_date": "1895-05-21T00:00:00",
    "Created_by": {
      "Id": 90,
      "First_name": "Isabelle",
      "Last_name": null,
      "Phone_number": 0,
      "Title": null
    },
    "Assign_to": {
      "Id": 90,
      "First_name": "Isabelle",
      "Last_name": null,
      "Phone_number": 0,
      "Title": null
    }
  },
  {
    "Id": 79,
    "Description": "Nemo enim ipsam voluptatem quia voluptas sit aspernatur aut odit aut fugit, sed quia consequuntur magni dolores eos qui ratione voluptatem sequi nesciunt.",
    "Title": "Prof.",
    "Start_date": "1910-07-27T00:00:00",
    "End_date": "2012-07-27T00:00:00",
    "Created_by": {
      "Id": 31,
      "First_name": "Ernest",
      "Last_name": null,
      "Phone_number": 0,
      "Title": null
    },
    "Assign_to": {
      "Id": 31,
      "First_name": "Ernest",
      "Last_name": null,
      "Phone_number": 0,
      "Title": null
    }
  },
  {
    "Id": 80,
    "Description": "Ut enim ad minima veniam, quis nostrum exercitationem ullam corporis suscipit laboriosam, nisi ut aliquid ex ea commodi consequatur?",
    "Title": "Ms",
    "Start_date": "1910-01-05T00:00:00",
    "End_date": "1960-07-08T00:00:00",
    "Created_by": {
      "Id": 19,
      "First_name": "Arianna",
      "Last_name": null,
      "Phone_number": 0,
      "Title": null
    },
    "Assign_to": {
      "Id": 19,
      "First_name": "Arianna",
      "Last_name": null,
      "Phone_number": 0,
      "Title": null
    }
  },
  {
    "Id": 81,
    "Description": "Ut enim ad minima veniam, quis nostrum exercitationem ullam corporis suscipit laboriosam, nisi ut aliquid ex ea commodi consequatur?",
    "Title": "Dr.",
    "Start_date": "1876-04-18T00:00:00",
    "End_date": "1797-05-23T00:00:00",
    "Created_by": {
      "Id": 12,
      "First_name": "Olivia",
      "Last_name": null,
      "Phone_number": 0,
      "Title": null
    },
    "Assign_to": {
      "Id": 12,
      "First_name": "Olivia",
      "Last_name": null,
      "Phone_number": 0,
      "Title": null
    }
  },
  {
    "Id": 82,
    "Description": "Ut enim ad minima veniam, quis nostrum exercitationem ullam corporis suscipit laboriosam, nisi ut aliquid ex ea commodi consequatur?",
    "Title": "Ms",
    "Start_date": "1887-04-19T00:00:00",
    "End_date": "1962-02-22T00:00:00",
    "Created_by": {
      "Id": 1,
      "First_name": "Lillian",
      "Last_name": null,
      "Phone_number": 0,
      "Title": null
    },
    "Assign_to": {
      "Id": 1,
      "First_name": "Lillian",
      "Last_name": null,
      "Phone_number": 0,
      "Title": null
    }
  },
  {
    "Id": 83,
    "Description": "Neque porro quisquam est, qui dolorem ipsum quia dolor sit amet, consectetur, adipisci velit, sed quia non numquam eius modi tempora incidunt ut labore et dolore magnam aliquam quaerat voluptatem.",
    "Title": "Ms",
    "Start_date": "1923-09-17T00:00:00",
    "End_date": "1964-01-20T00:00:00",
    "Created_by": {
      "Id": 88,
      "First_name": "Emily",
      "Last_name": null,
      "Phone_number": 0,
      "Title": null
    },
    "Assign_to": {
      "Id": 88,
      "First_name": "Emily",
      "Last_name": null,
      "Phone_number": 0,
      "Title": null
    }
  },
  {
    "Id": 84,
    "Description": "Nemo enim ipsam voluptatem quia voluptas sit aspernatur aut odit aut fugit, sed quia consequuntur magni dolores eos qui ratione voluptatem sequi nesciunt.",
    "Title": "Miss",
    "Start_date": "1870-05-24T00:00:00",
    "End_date": "1926-11-09T00:00:00",
    "Created_by": {
      "Id": 90,
      "First_name": "Isabelle",
      "Last_name": null,
      "Phone_number": 0,
      "Title": null
    },
    "Assign_to": {
      "Id": 90,
      "First_name": "Isabelle",
      "Last_name": null,
      "Phone_number": 0,
      "Title": null
    }
  },
  {
    "Id": 85,
    "Description": "Nemo enim ipsam voluptatem quia voluptas sit aspernatur aut odit aut fugit, sed quia consequuntur magni dolores eos qui ratione voluptatem sequi nesciunt.",
    "Title": "Ms",
    "Start_date": "1973-11-10T00:00:00",
    "End_date": "1876-06-22T00:00:00",
    "Created_by": {
      "Id": 57,
      "First_name": "Edward",
      "Last_name": null,
      "Phone_number": 0,
      "Title": null
    },
    "Assign_to": {
      "Id": 57,
      "First_name": "Edward",
      "Last_name": null,
      "Phone_number": 0,
      "Title": null
    }
  },
  {
    "Id": 86,
    "Description": "Ut enim ad minima veniam, quis nostrum exercitationem ullam corporis suscipit laboriosam, nisi ut aliquid ex ea commodi consequatur?",
    "Title": "Miss",
    "Start_date": "1822-11-03T00:00:00",
    "End_date": "1972-05-13T00:00:00",
    "Created_by": {
      "Id": 51,
      "First_name": "Lila",
      "Last_name": null,
      "Phone_number": 0,
      "Title": null
    },
    "Assign_to": {
      "Id": 51,
      "First_name": "Lila",
      "Last_name": null,
      "Phone_number": 0,
      "Title": null
    }
  },
  {
    "Id": 87,
    "Description": "Ut enim ad minima veniam, quis nostrum exercitationem ullam corporis suscipit laboriosam, nisi ut aliquid ex ea commodi consequatur?",
    "Title": "Ms",
    "Start_date": "1926-05-15T00:00:00",
    "End_date": "1876-04-16T00:00:00",
    "Created_by": {
      "Id": 8,
      "First_name": "Larry",
      "Last_name": null,
      "Phone_number": 0,
      "Title": null
    },
    "Assign_to": {
      "Id": 8,
      "First_name": "Larry",
      "Last_name": null,
      "Phone_number": 0,
      "Title": null
    }
  },
  {
    "Id": 88,
    "Description": "Neque porro quisquam est, qui dolorem ipsum quia dolor sit amet, consectetur, adipisci velit, sed quia non numquam eius modi tempora incidunt ut labore et dolore magnam aliquam quaerat voluptatem.",
    "Title": "Ms",
    "Start_date": "1903-02-13T00:00:00",
    "End_date": "1768-09-20T00:00:00",
    "Created_by": {
      "Id": 41,
      "First_name": "Kaitlyn",
      "Last_name": null,
      "Phone_number": 0,
      "Title": null
    },
    "Assign_to": {
      "Id": 41,
      "First_name": "Kaitlyn",
      "Last_name": null,
      "Phone_number": 0,
      "Title": null
    }
  },
  {
    "Id": 89,
    "Description": "Quis autem vel eum iure reprehenderit qui in ea voluptate velit esse quam nihil molestiae consequatur, vel illum qui dolorem eum fugiat quo voluptas nulla pariatur?",
    "Title": "Ms",
    "Start_date": "1775-01-14T00:00:00",
    "End_date": "2009-08-20T00:00:00",
    "Created_by": {
      "Id": 86,
      "First_name": "Charlotte",
      "Last_name": null,
      "Phone_number": 0,
      "Title": null
    },
    "Assign_to": {
      "Id": 86,
      "First_name": "Charlotte",
      "Last_name": null,
      "Phone_number": 0,
      "Title": null
    }
  },
  {
    "Id": 90,
    "Description": "Sed ut perspiciatis unde omnis iste natus error sit voluptatem accusantium doloremque laudantium, totam rem aperiam, eaque ipsa quae ab illo inventore veritatis et quasi architecto beatae vitae dicta ",
    "Title": "Prof.",
    "Start_date": "1841-11-02T00:00:00",
    "End_date": "1815-09-11T00:00:00",
    "Created_by": {
      "Id": 39,
      "First_name": "Eric",
      "Last_name": null,
      "Phone_number": 0,
      "Title": null
    },
    "Assign_to": {
      "Id": 39,
      "First_name": "Eric",
      "Last_name": null,
      "Phone_number": 0,
      "Title": null
    }
  },
  {
    "Id": 91,
    "Description": "Neque porro quisquam est, qui dolorem ipsum quia dolor sit amet, consectetur, adipisci velit, sed quia non numquam eius modi tempora incidunt ut labore et dolore magnam aliquam quaerat voluptatem.",
    "Title": "Mr",
    "Start_date": "1907-10-23T00:00:00",
    "End_date": "1922-04-16T00:00:00",
    "Created_by": {
      "Id": 68,
      "First_name": "Alex",
      "Last_name": null,
      "Phone_number": 0,
      "Title": null
    },
    "Assign_to": {
      "Id": 68,
      "First_name": "Alex",
      "Last_name": null,
      "Phone_number": 0,
      "Title": null
    }
  },
  {
    "Id": 92,
    "Description": "Sed ut perspiciatis unde omnis iste natus error sit voluptatem accusantium doloremque laudantium, totam rem aperiam, eaque ipsa quae ab illo inventore veritatis et quasi architecto beatae vitae dicta ",
    "Title": "Dr.",
    "Start_date": "1962-11-07T00:00:00",
    "End_date": "1801-06-18T00:00:00",
    "Created_by": {
      "Id": 26,
      "First_name": "Marvin",
      "Last_name": null,
      "Phone_number": 0,
      "Title": null
    },
    "Assign_to": {
      "Id": 26,
      "First_name": "Marvin",
      "Last_name": null,
      "Phone_number": 0,
      "Title": null
    }
  },
  {
    "Id": 93,
    "Description": "Sed ut perspiciatis unde omnis iste natus error sit voluptatem accusantium doloremque laudantium, totam rem aperiam, eaque ipsa quae ab illo inventore veritatis et quasi architecto beatae vitae dicta ",
    "Title": "Prof.",
    "Start_date": "1834-10-31T00:00:00",
    "End_date": "1800-09-23T00:00:00",
    "Created_by": {
      "Id": 33,
      "First_name": "Rodney",
      "Last_name": null,
      "Phone_number": 0,
      "Title": null
    },
    "Assign_to": {
      "Id": 33,
      "First_name": "Rodney",
      "Last_name": null,
      "Phone_number": 0,
      "Title": null
    }
  },
  {
    "Id": 94,
    "Description": "Nemo enim ipsam voluptatem quia voluptas sit aspernatur aut odit aut fugit, sed quia consequuntur magni dolores eos qui ratione voluptatem sequi nesciunt.",
    "Title": "Ms",
    "Start_date": "1988-06-09T00:00:00",
    "End_date": "1904-03-31T00:00:00",
    "Created_by": {
      "Id": 13,
      "First_name": "Camilla",
      "Last_name": null,
      "Phone_number": 0,
      "Title": null
    },
    "Assign_to": {
      "Id": 13,
      "First_name": "Camilla",
      "Last_name": null,
      "Phone_number": 0,
      "Title": null
    }
  },
  {
    "Id": 95,
    "Description": "Neque porro quisquam est, qui dolorem ipsum quia dolor sit amet, consectetur, adipisci velit, sed quia non numquam eius modi tempora incidunt ut labore et dolore magnam aliquam quaerat voluptatem.",
    "Title": "Dr.",
    "Start_date": "1929-08-27T00:00:00",
    "End_date": "1810-06-27T00:00:00",
    "Created_by": {
      "Id": 10,
      "First_name": "Ronnie",
      "Last_name": null,
      "Phone_number": 0,
      "Title": null
    },
    "Assign_to": {
      "Id": 10,
      "First_name": "Ronnie",
      "Last_name": null,
      "Phone_number": 0,
      "Title": null
    }
  },
  {
    "Id": 96,
    "Description": "Nemo enim ipsam voluptatem quia voluptas sit aspernatur aut odit aut fugit, sed quia consequuntur magni dolores eos qui ratione voluptatem sequi nesciunt.",
    "Title": "Prof.",
    "Start_date": "1815-03-01T00:00:00",
    "End_date": "1761-07-22T00:00:00",
    "Created_by": {
      "Id": 20,
      "First_name": "Casey",
      "Last_name": null,
      "Phone_number": 0,
      "Title": null
    },
    "Assign_to": {
      "Id": 20,
      "First_name": "Casey",
      "Last_name": null,
      "Phone_number": 0,
      "Title": null
    }
  },
  {
    "Id": 97,
    "Description": "Nemo enim ipsam voluptatem quia voluptas sit aspernatur aut odit aut fugit, sed quia consequuntur magni dolores eos qui ratione voluptatem sequi nesciunt.",
    "Title": "Dr.",
    "Start_date": "1807-12-27T00:00:00",
    "End_date": "1883-02-16T00:00:00",
    "Created_by": {
      "Id": 48,
      "First_name": "Mark",
      "Last_name": null,
      "Phone_number": 0,
      "Title": null
    },
    "Assign_to": {
      "Id": 48,
      "First_name": "Mark",
      "Last_name": null,
      "Phone_number": 0,
      "Title": null
    }
  },
  {
    "Id": 98,
    "Description": "Ut enim ad minima veniam, quis nostrum exercitationem ullam corporis suscipit laboriosam, nisi ut aliquid ex ea commodi consequatur?",
    "Title": "Prof.",
    "Start_date": "1893-10-12T00:00:00",
    "End_date": "1923-11-03T00:00:00",
    "Created_by": {
      "Id": 44,
      "First_name": "Javier",
      "Last_name": null,
      "Phone_number": 0,
      "Title": null
    },
    "Assign_to": {
      "Id": 44,
      "First_name": "Javier",
      "Last_name": null,
      "Phone_number": 0,
      "Title": null
    }
  },
  {
    "Id": 99,
    "Description": "Neque porro quisquam est, qui dolorem ipsum quia dolor sit amet, consectetur, adipisci velit, sed quia non numquam eius modi tempora incidunt ut labore et dolore magnam aliquam quaerat voluptatem.",
    "Title": "Ms",
    "Start_date": "1898-05-28T00:00:00",
    "End_date": "1792-02-27T00:00:00",
    "Created_by": {
      "Id": 7,
      "First_name": "Dan",
      "Last_name": null,
      "Phone_number": 0,
      "Title": null
    },
    "Assign_to": {
      "Id": 7,
      "First_name": "Dan",
      "Last_name": null,
      "Phone_number": 0,
      "Title": null
    }
  },
  {
    "Id": 100,
    "Description": "Ut enim ad minima veniam, quis nostrum exercitationem ullam corporis suscipit laboriosam, nisi ut aliquid ex ea commodi consequatur?",
    "Title": "Dr.",
    "Start_date": "1954-09-08T00:00:00",
    "End_date": "1790-09-19T00:00:00",
    "Created_by": {
      "Id": 37,
      "First_name": "Juan",
      "Last_name": null,
      "Phone_number": 0,
      "Title": null
    },
    "Assign_to": {
      "Id": 37,
      "First_name": "Juan",
      "Last_name": null,
      "Phone_number": 0,
      "Title": null
    }
  }
]